product_name,price,retailer,platform,storeUrl,imageUrl
"Card màn hình MSI RTX 2080 Ti GAMING X TRIO (11GB GDDR6, 352-bit, HDMI+DP+Type-C, 1x8-pin+ 1x6-pin)",34.999.000 ?,Hanoi Computer,none,https://www.hanoicomputer.vn/vga-card-msi-rtx-2080-ti-gaming-x-trio/p43887.html#tab1,https://hanoicomputercdn.com/media/product/43887_msi_gtx_1660_ti_ventus_xs___6g_oc_01.jpg
"Card màn hình GIGABYTE GTX 1650 OC-4G (4GB GDDR5, 128-bit, HDMI+DP)",4.299.000 ?,Hanoi Computer,none,https://www.hanoicomputer.vn/card-man-hinh-gigabyte-gtx-1650-oc-4gd/p46331.html#tab1,https://hanoicomputercdn.com/media/product/46331_gigabyte_gtx_1650_oc___4gd_01.jpg
"Card màn hình MSI GTX 1660 Super GAMING X (6GB GDDR6, 192-bit, HDMI+DP)",7.499.000 ?,Hanoi Computer,none,https://www.hanoicomputer.vn/card-man-hinh-msi-gtx-1660-super-gaming-6g-x/p49690.html#tab1,https://hanoicomputercdn.com/media/product/49690_msi_gtx_1660_super_gaming_6g_x__01.jpg
"Card màn hình ASUS ROG STRIX RTX 2080 Ti-011G GAMING (11GB GDDR6, 352-bit, HDMI+DP, 2x8-pin)",36.999.000 ?,Hanoi Computer,none,https://www.hanoicomputer.vn/vga-card-asus-rog-strix-rtx-2080ti-011g-gaming/p43985.html#tab1,https://hanoicomputercdn.com/media/product/43985_asus_rog_strix_rtx_2080ti_01.jpg
"Card màn hình ASUS ROG STRIX GTX 1650-O4G GAMING (4GB GDDR5, 128-bit, HDMI+DP)",4.399.000 ?,Hanoi Computer,none,https://www.hanoicomputer.vn/card-man-hinh-asus-rog-strix-gtx1650-o4g-gaming/p46333.html#tab1,https://hanoicomputercdn.com/media/product/46333_asus_rog_strix_gtx1650_01.jpg
VGA Card LEADTEK nVidia Quadro P2200 5GB GDDR5x,11.490.000 ?,Hanoi Computer,none,https://www.hanoicomputer.vn/vga-card-nvidia-quadro-p2200-5gb-gddr5x/p47954.html#tab1,https://hanoicomputercdn.com/media/product/47954_p2200.jpg
"Card màn hình GIGABYTE GTX 1660 OC-6G (6GB GDDR6, 192-bit, HDMI+DP, 1x8-pin) ",5.899.000 ?,Hanoi Computer,none,https://www.hanoicomputer.vn/card-man-hinh-gigabyte-gtx-1660-oc-6gd/p45827.html#tab1,https://hanoicomputercdn.com/media/product/45827_gigabyte_gtx_1660_oc___6gd_01.jpg
"Card màn hình ASUS TUF GTX 1650 Super-O4G GAMING (4GB GDDR5, 128-bit, DVI+HDMI+DP, 1x6-pin)",5.299.000 ?,Hanoi Computer,none,https://www.hanoicomputer.vn/card-man-hinh-asus-tuf-gtx-1650-super-o4g-gaming/p50108.html#tab1,https://hanoicomputercdn.com/media/product/50108_asus_tuf_gtx_1650_super_o4g_01.jpg
"Card màn hình ASUS TUF GTX 1660 Super-6G GAMING (6GB GDDR6, 192-bit, DVI+HDMI+DP, 1x8-pin)",5.999.000 ?,Hanoi Computer,none,https://www.hanoicomputer.vn/card-man-hinh-asus-tuf-gtx-1660-super-6g-gaming/p49618.html#tab1,https://hanoicomputercdn.com/media/product/49618_asus_tuf_gtx1660__01.jpg
"Card màn hình ASUS DUAL GTX 1650-O4G (4GB GDDR5, 128-bit, DVI+HDMI+DP)",4.399.000 ?,Hanoi Computer,none,https://www.hanoicomputer.vn/card-man-hinh-asus-dual-gtx1650-o4g/p46336.html#tab1,https://hanoicomputercdn.com/media/product/46336_asus_dual_gtx1650_01.jpg
"Card màn hình MSI GTX 1660 Super VENTUS XS OC (6GB GDDR6, 192-bit, HDMI+DP)",6.699.000 ?,Hanoi Computer,none,https://www.hanoicomputer.vn/card-man-hinh-msi-gtx-1660-super-ventus-xs-oc/p49691.html#tab1,https://hanoicomputercdn.com/media/product/49691_msi_gtx_1660_super_ventus_xs_oc__01.jpg
VGA Card LEADTEK nVidia Quadro P620 2GB GDDR5,4.290.000 ?,Hanoi Computer,none,https://www.hanoicomputer.vn/vga-card-nvidia-quadro-p620-2gb-gddr5/p41697.html#tab1,https://hanoicomputercdn.com/media/product/41697_nvidia_quadro_p620_2gb_gddr5_01.jpg
"Card màn hình ASUS GT710-SL-1GD5 (1GB GDDR5, 64-bit, DVI+HDMI)",999.000 ?,Hanoi Computer,none,https://www.hanoicomputer.vn/card-man-hinh-asus-gt710-sl-1gd5/p50021.html#tab1,https://hanoicomputercdn.com/media/product/50021_asus_gt710_sl_1gd5_01.jpg
Card màn hình GIGABYTE RTX 2060 WF2OC - 6GD,9.799.000 ?,Hanoi Computer,none,https://www.hanoicomputer.vn/vga-card-gigabyte-rtx-2060-wf-oc-6gd/p45144.html#tab1,https://hanoicomputercdn.com/media/product/45144_gigabyte_rtx_2060_wf2oc___6gd_01.jpg
VGA Card LEADTEK nVidia Quadro P4000 8GB GDDR5,20.990.000 ?,Hanoi Computer,none,https://www.hanoicomputer.vn/vga-card-nvidia-quadro-p4000-8gb-gddr5/p35351.html#tab1,https://hanoicomputercdn.com/media/product/35351_leadtek_nvidia_quadro_p4000_8gb_gddr5_01.jpg
"Card màn hình GIGABYTE RTX 2060 Super WINDFORCE OC-8G (8GB GDDR6, 256-bit, HDMI+DP, 1x8-pin) ",11.399.000 ?,Hanoi Computer,none,https://www.hanoicomputer.vn/vga-card-gigabyte-rtx-2060s-wf2-oc-8gd/p47489.html#tab1,https://hanoicomputercdn.com/media/product/47489_gigabyte_rtx_2060_super_wf2_oc_1.jpg
VGA Card LEADTEK nVidia Quadro P1000 4GB GDDR5,8.390.000 ?,Hanoi Computer,none,https://www.hanoicomputer.vn/vga-card-nvidia-quadro-p1000-4gb-gddr5/p35353.html#tab1,https://hanoicomputercdn.com/media/product/35353_leadtek_nvidia_quadro_p1000__01.jpg
"Card màn hình ASUS ROG STRIX RTX 2060 Super-O8G GAMING (8GB GDDR6, 256-bit, HDMI+DP, 1x6-pin + 1x8-pin)",12.999.000 ?,Hanoi Computer,none,https://www.hanoicomputer.vn/vga-card-asus-rog-strix-rtx-2060s-o8g-gaming/p47496.html#tab1,https://hanoicomputercdn.com/media/product/47496_asus_rog_strix_rtx_2060_super_01.jpg
"Card màn hình ASUS TUF GTX 1650 Super-4G GAMING (4GB GDDR5, 128-bit, DVI+HDMI+DP, 1x6-pin)",4.999.000 ?,Hanoi Computer,none,https://www.hanoicomputer.vn/card-man-hinh-asus-tuf-gtx-1650-super-4g-gaming/p50109.html#tab1,https://hanoicomputercdn.com/media/product/50109_asus_tuf_gtx_1650_super_o4g_01.jpg
"Card màn hình ASUS ROG STRIX GTX 1650-A4G GAMING (4GB GDDR5, 128-bit, HDMI+DP)",4.399.000 ?,Hanoi Computer,none,https://www.hanoicomputer.vn/card-man-hinh-asus-rog-strix-gtx1650-a4g-gaming/p51374.html#tab1,https://hanoicomputercdn.com/media/product/51374_asus_rog_strix_gtx1650_01.jpg
"Card màn hình MSI GTX 1660 Ti GAMING X (6GB GDDR6, 192-bit, HDMI+DP, 1x8-pin)",8.299.000 ?,Hanoi Computer,none,https://www.hanoicomputer.vn/vga-card-msi-gtx-1660-ti-gaming-x-6g/p47901.html#tab1,https://hanoicomputercdn.com/media/product/47901_msi_gtx_1660_ti_gaming_x_01.jpg
"Card màn hình MSI RTX 2080 Super VENTUS XS OC (8GB GDDR6, 256-bit, HDMI+DP, 1x8-pin + 1x6-pin)",20.099.000 ?,Hanoi Computer,none,https://www.hanoicomputer.vn/vga-card-msi-rtx-2080-super-ventus-xs-oc-8g/p48766.html#tab1,https://hanoicomputercdn.com/media/product/48766_msi_rtx_2080_super_ventus_xs__01.jpg
Vga Card Gigabyte RTX 2070 GAMING OC-8GC,10.999.000 ?,Hanoi Computer,none,https://www.hanoicomputer.vn/vga-card-gigabyte-rtx-2070-gaming-oc-8gc/p51275.html#tab1,https://hanoicomputercdn.com/media/product/51275_rtx_2070_gaming_oc_8gc_001.png
"Card màn hình GIGABYTE RTX 2070 Super AORUS-8G (8GB GDDR6, 256-bit, HDMI+DP+Type-C, 2x8-pin)",16.599.000 ?,Hanoi Computer,none,https://www.hanoicomputer.vn/vga-card-gigabyte-rtx-2070s-aorus-8gc/p47495.html#tab1,https://hanoicomputercdn.com/media/product/47495_gigabyte_rtx_2070_super_aorus_1.jpg
"Card màn hình GALAX GTX 1660 Super (1 Click OC)-(60SRL7DSY91S) - (6GB GDDR6, 192-bit, DVI+ HDMI+DP, 1x8-pin) ",5.999.000 ?,Hanoi Computer,none,https://www.hanoicomputer.vn/card-man-hinh-galax-gtx-1660-super-1-click-oc-6gb-ddr6-60srl7dsy91s/p49713.html#tab1,https://hanoicomputercdn.com/media/product/49713_galax_rtx_2060_super__1_click_oc__black__01.jpg
"Card màn hình ASUS ROG STRIX RTX 2080 Super-O8G GAMING (8GB GDDR6, 256-bit, HDMI+DP, 2x8-pin)",23.199.000 ?,Hanoi Computer,none,https://www.hanoicomputer.vn/vga-card-asus-rog-strix-rtx-2080-super-o8g-gaming/p47892.html#tab1,https://hanoicomputercdn.com/media/product/47892_file_pts_chu___n_l____recovered_recovered_recovered_recovered_psd_0004_asus_rog_strix_rtx_2080_super_01.jpg
Card màn hình ASUS TUF GTX1660 - O6G GAMING,5.899.000 ?,Hanoi Computer,none,https://www.hanoicomputer.vn/card-man-hinh-asus-tuf-gtx1660-o6g-gaming/p45829.html#tab1,https://hanoicomputercdn.com/media/product/45829_asus_tuf_gtx1660__01.jpg
"Card màn hình GIGABYTE RTX 2060 OC-6G (6GB GDDR6, 192-bit, DVI+HDMI+DP, 1x8-pin) ",9.299.000 ?,Hanoi Computer,none,https://www.hanoicomputer.vn/vga-card-gigabyte-rtx-2060-oc-6gd/p45222.html#tab1,https://hanoicomputercdn.com/media/product/45222_file_pts_chu___n_l____0007_gigabyte_rtx_2060_oc___6gd_01.jpg
"Card màn hình GIGABYTE AORUS RTX 2080 Ti XTREME-11G (11GB GDDR6, 352-bit, HDMI+DP+Type-C, 2x8-pin) ",36.999.000 ?,Hanoi Computer,none,https://www.hanoicomputer.vn/vga-card-gigabyte-aorus-rtx-2080-ti-xtreme-11g/p44934.html#tab1,https://hanoicomputercdn.com/media/product/44934_gigabyte_aorus_geforce_rtx_2080ti_xtreme_11g_1.jpg
"Card màn hình ASUS Dual GTX 1660 Ti-O6G (6GB GDDR6, 192-bit, DVI+HDMI+DP, 1x8-pin)",7.099.000 ?,Hanoi Computer,none,https://www.hanoicomputer.vn/card-man-hinh-asus-dual-gtx-1660ti-o6g/p45641.html#tab1,https://hanoicomputercdn.com/media/product/45641_asus_dual_gtx_1660ti___o6g_01.jpg
"Card màn hình ASUS ROG STRIX RTX 2080 Super-A8G GAMING (8GB GDDR6, 256-bit, HDMI+DP, 2x8-pin)",21.699.000 ?,Hanoi Computer,none,https://www.hanoicomputer.vn/vga-card-asus-rog-strix-rtx-2080-super-a8g-gaming/p47800.html#tab1,https://hanoicomputercdn.com/media/product/47800_asus_rog_strix_rtx_2080_super_01.jpg
"Card màn hình GALAX RTX 2060 (1 Click OC)-6GB (26NRL7HPX7OC) - (6GB GDDR6, 192-bit, DVI+HDMI+DP, 1x8-pin) ",9.099.000 ?,Hanoi Computer,none,https://www.hanoicomputer.vn/card-man-hinh-galax-rtx-2060-1-click-oc-6gb-ddr6-26nrl7hpx7oc/p45935.html#tab1,https://hanoicomputercdn.com/media/product/45935_galax_rtx_2060__1_click_oc____6gb_ddr6__01.jpg
"Card màn hình EVGA GeForce RTX 2080 XC BLACK EDITION GAMING-8GB (8GB GDDR6, 256-bit, HDMI+DP+Type C, 1x6-pin+1x8-pin) ",19.499.000 ?,Hanoi Computer,none,https://www.hanoicomputer.vn/vga-card-evga-geforce-rtx-2080-xc-black-edition-gaming-8gb/p47192.html#tab1,https://hanoicomputercdn.com/media/product/47192_evga_geforce_rtx_2080_xc_black_edition_gaming___8gb_____01.jpg
"Card màn hình ASUS ROG STRIX RTX 2070 Super-8G GAMING (8GB GDDR6, 256-bit, HDMI+DP, 2x8-pin)",15.399.000 ?,Hanoi Computer,none,https://www.hanoicomputer.vn/vga-card-asus-rog-strix-rtx-2070s-8g-gaming/p47505.html#tab1,https://hanoicomputercdn.com/media/product/47505_asus_rog_strix_rtx_2070_super__01.jpg
Card màn hình ASUS ROG STRIX GTX 1660 Ti - O6G GAMING,8.499.000 ?,Hanoi Computer,none,https://www.hanoicomputer.vn/card-man-hinh-asus-rog-strix-gtx-1660-ti-o6g-gaming/p45616.html#tab1,https://hanoicomputercdn.com/media/product/45616_asus_rog_strix_gtx_1660_ti_01.jpg
"Card màn hình ASUS TUF3 GTX 1660 Super-6G GAMING (6GB GDDR6, 192-bit, DVI+HDMI+DP, 1x8-pin)",6.999.000 ?,Hanoi Computer,none,https://www.hanoicomputer.vn/card-man-hinh-asus-tuf3-gtx-1660-super-6g-gaming/p49616.html#tab1,https://hanoicomputercdn.com/media/product/49616_asus_tuf3_gtx_1660_super_o6g_01.jpg
"Card màn hình ASUS PH-GT1030-O2G (2GB GDDR5, 64-bit, DVI+HDMI)",2.199.000 ?,Hanoi Computer,none,https://www.hanoicomputer.vn/vga-card-asus-ph-gt1030-o2g/p37003.html#tab1,https://hanoicomputercdn.com/media/product/37003_asus_ph_gt1030_o2g_01.jpg
"Card màn hình ASUS ROG STRIX RTX 2070 Super-A8G GAMING (8GB GDDR6, 256-bit, HDMI+DP, 2x8-pin)",15.599.000 ?,Hanoi Computer,none,https://www.hanoicomputer.vn/vga-card-aus-rog-strix-rtx-2070s-a8g-gaming/p47504.html#tab1,https://hanoicomputercdn.com/media/product/47504_asus_rog_strix_rtx_2070_super__01.jpg
"Card màn hình ASUS TUF GTX 1660 Ti-O6G GAMING (6GB GDDR6, 192-bit, DVI+HDMI+DP, 1x8-pin)",7.099.000 ?,Hanoi Computer,none,https://www.hanoicomputer.vn/card-man-hinh-asus-tuf-gtx1660ti-o6g-gaming/p51652.html#tab1,https://hanoicomputercdn.com/media/product/51652_asus_tuf_gtx1660ti_01.jpg
"Card màn hình MSI GTX 1650 VENTUS XS OC (4GB GDDR5, 128-bit, DVI+HDMI+DP)",4.399.000 ?,Hanoi Computer,none,https://www.hanoicomputer.vn/vga-card-msi-gtx-1650-ventus-xs-4g-oc/p46341.html#tab1,https://hanoicomputercdn.com/media/product/46341_msi_gtx_1650_ventus_xs_4g_01.jpg
"Card màn hình GIGABYTE GTX 1660 Super GAMING OC-6G (6GB GDDR6, 192-bit, DVI+HDMI, 1x8-pin)",7.199.000 ?,Hanoi Computer,none,https://www.hanoicomputer.vn/card-man-hinh-gigabyte-gtx-1660-super-gaming-oc-6gb/p49668.html#tab1,https://hanoicomputercdn.com/media/product/49668_gigabyte_gtx_1660_super____gaming_oc_6g.png
"Card màn hình ASUS ROG STRIX RTX 2080 Ti-O11G WHITE  (11GB GDDR6, 352-bit, HDMI+DP+Type-C, 2x8-pin)",39.499.000 ?,Hanoi Computer,none,https://www.hanoicomputer.vn/card-man-hinh-asus-rog-strix-rtx-2080ti-o11g-white/p50133.html#tab1,https://hanoicomputercdn.com/media/product/50133_asus_rog_strix_rtx_2080ti_o11g_white_01.jpg
"Card màn hình INNO3D GeForce GTX 1660 TWIN X2 (6GB GDDR6, 192-bit, HDMI+DP, 1x8-pin)",5.399.000 ?,Hanoi Computer,none,https://www.hanoicomputer.vn/card-man-hinh-inno3d-geforce-gtx-1660-twin-x2-6gb/p46183.html#tab1,https://hanoicomputercdn.com/media/product/46183_inno3d_geforce_gtx_1660_twin_x2__01_01.jpg
"Card màn hình ASUS DUAL RTX 2060 Super-O8G EVO (8GB GDDR6, 256-bit, DVI+HDMI+DP, 1x8-pin)",11.099.000 ?,Hanoi Computer,none,https://www.hanoicomputer.vn/vga-card-asus-dual-rtx-2060s-o8g-evo/p47499.html#tab1,https://hanoicomputercdn.com/media/product/47499_asus_dual_rtx_2060_super_01.jpg
Card màn hình GIGABYTE AORUS RTX 2060 XTREME - 6GC,10.999.000 ?,Hanoi Computer,none,https://www.hanoicomputer.vn/vga-card-gigabyte-aorus-rtx-2060-xtreme-6gd/p45145.html#tab1,https://hanoicomputercdn.com/media/product/45145_gigabyte_aorus_rtx_2060_xtreme_01.jpg
"Card màn hình GIGABYTE GTX 1660 Super OC-6G (6GB GDDR6, 192-bit, HDMI+DP, 1x8-pin)",6.199.000 ?,Hanoi Computer,none,https://www.hanoicomputer.vn/card-man-hinh-gigabyte-gtx-1660-super-oc-6gb/p49667.html#tab1,https://hanoicomputercdn.com/media/product/49667_gigabyte_1660_super_oc.png
"Card màn hình ASUS TURBO RTX 2080 Ti-11G (11GB GDDR6, 352-bit, HDMI+DP)",34.990.000 ?,Hanoi Computer,none,https://www.hanoicomputer.vn/vga-card-asus-turbo-rtx-2080ti-11g/p43884.html#tab1,https://hanoicomputercdn.com/media/product/43884_asus_turbo_rtx_2080ti___11g_01.jpg
Card màn hình GIGABYTE GTX 1650 GAMING OC - 4GD (GV-N1650GAMING OC-4GD),4.599.000 ?,Hanoi Computer,none,https://www.hanoicomputer.vn/vga-card-gigabyte-gtx-1650-gaming-oc-4gd-gv-n1650gaming-oc-4gd/p46390.html#tab1,https://hanoicomputercdn.com/media/product/46390_gigabyte_gtx_1650_gaming_oc___4gd_01.jpg
"Card màn hình MSI RTX 2060 Super ARMOR OC (8GB GDDR6, 256-bit, HDMI+DP, 1x8-pin)",11.099.000 ?,Hanoi Computer,none,https://www.hanoicomputer.vn/card-man-hinh-msi-rtx-2060-super-ventus-armor-oc-8g/p51277.html#tab1,https://hanoicomputercdn.com/media/product/51277_msi_rtx_2060_super_armor_oc_8g_01.jpg
"Card màn hình ASUS ROG STRIX RTX 2070 Super-O8G GAMING (8GB GDDR6, 256-bit, HDMI+DP, 2x8-pin)",16.599.000 ?,Hanoi Computer,none,https://www.hanoicomputer.vn/vga-card-asus-rog-strix-rtx-2070s-o8g-gaming/p47503.html#tab1,https://hanoicomputercdn.com/media/product/47503_asus_rog_strix_rtx_2070_super__01.jpg
VGA Card LEADTEK nVidia Quadro RTX 4000 8GB GDDR6,23.490.000 ?,Hanoi Computer,none,https://www.hanoicomputer.vn/vga-card-nvidia-quadro-rtx-4000-8gb-gddr6/p44586.html#tab1,https://hanoicomputercdn.com/media/product/44586_file_pts_chu___n_l____recovered_recovered_recovered_psd_0000_10827_1z.jpg
"Card màn hình MSI GTX 1650 Super VENTUS XS OC (4GB GDDR6, 128-bit, DVI+HDMI+DP, 1x6-pin)",4.999.000 ?,Hanoi Computer,none,https://www.hanoicomputer.vn/card-man-hinh-msi-gtx-1650-super-ventus-xs-4g-oc/p50169.html#tab1,https://hanoicomputercdn.com/media/product/50169_msi_gtx_1650_super_ventus_xs_01.jpg
"Card màn hình ASUS DUAL RTX 2060 Super-8G EVO (8GB GDDR6, 256-bit, DVI+HDMI+DP, 1x8-pin)",10.799.000 ?,Hanoi Computer,none,https://www.hanoicomputer.vn/vga-card-asus-dual-rtx-2060s-8g-evo/p47501.html#tab1,https://hanoicomputercdn.com/media/product/47501_asus_dual_rtx_2060_super_01.jpg
"Card màn hình MSI RTX 2060 Super VENTUS GP OC (8GB GDDR6, 256-bit, HDMI+DP, 1x8-pin)",10.999.000 ?,Hanoi Computer,none,https://www.hanoicomputer.vn/card-man-hinh-msi-gtx-2060-super-ventus-gp-oc/p49798.html#tab1,https://hanoicomputercdn.com/media/product/49798_msi_rtx_2060_super_ventus_gp_oc_01.jpg
"Card màn hình GALAX RTX 2060 Super (1 Click OC) Black (26ISL6HP39SS) - (8GB GDDR6, 256-bit, HDMI+DP, 1x8-pin) ",10.899.000 ?,Hanoi Computer,none,https://www.hanoicomputer.vn/vga-galax-rtx-2060-super-1-click-oc-black-8gb-ddr6-26isl6hp39ss/p48283.html#tab1,https://hanoicomputercdn.com/media/product/48283_galax_rtx_2060_super__1_click_oc__black_01.jpg
"Card màn hình GIGABYTE RTX 2060 Super AORUS-8G (8GB GDDR6, 256-bit, HDMI+DP+Type-C, 1x6-pin + 1x8-pin) ",12.499.000 ?,Hanoi Computer,none,https://www.hanoicomputer.vn/vga-card-gigabyte-rtx-2060s-aorus-8gc/p47491.html#tab1,https://hanoicomputercdn.com/media/product/47491_gigabyte_rtx_2060_super_aorus_01.jpg
Card màn hình MSI RTX 2060 GAMING Z - 6GB,10.599.000 ?,Hanoi Computer,none,https://www.hanoicomputer.vn/vga-card-msi-rtx-2060-gaming-z-6g/p45149.html#tab1,https://hanoicomputercdn.com/media/product/45149_msi_rtx_2060_gaming_z___6gb_01.jpg
"Card màn hình MSI GTX 1650 Super GAMING X (4GB GDDR6, 128-bit, HDMI+DP, 1x6-pin)",5.499.000 ?,Hanoi Computer,none,https://www.hanoicomputer.vn/card-man-hinh-msi-gtx-1650-super-gaming-x-4g/p50168.html#tab1,https://hanoicomputercdn.com/media/product/50168_msi_gtx_1650_super_gaming_x_4g_01.jpg
"Card màn hình ZOTAC RTX 2060 Super AMP (8GB GDDR6, 256-bit, HDMI+DP, 1x8-pin)",11.299.000 ?,Hanoi Computer,none,https://www.hanoicomputer.vn/card-man-hinh-zotac-rtx-2060-super-amp-8gb-gddr6-256-bit/p50140.html#tab1,https://hanoicomputercdn.com/media/product/50140_zotac_gaming_geforce_rtx_2060_super_amp_1.jpg
"Card màn hình GIGABYTE GTX 1650 WF2OC-4G (4GB GDDR5, 128-bit, HDMI+DP, 1x6-pin)",4.499.000 ?,Hanoi Computer,none,https://www.hanoicomputer.vn/card-man-hinh-gigabyte-gtx-1650-wf2oc-4gd/p46332.html#tab1,https://hanoicomputercdn.com/media/product/46332_gigabyte_gtx_1650_wf2oc___4gd_01.jpg
"Card màn hình ASUS ROG TRIX GTX 1650 Super-4G GAMING (4GB GDDR5, 128-bit, HDMI+DP, 1x6-pin)",5.099.000 ?,Hanoi Computer,none,https://www.hanoicomputer.vn/card-man-hinh-asus-rog-trix-gtx-1650-super-4g-gaming/p50107.html#tab1,https://hanoicomputercdn.com/media/product/50107_rog_strix_gtx1650s_4g_gaming_1.jpg
"Card màn hình GALAX RTX 2070 Super EX Gamer (1 Click OC) White (27NSL6UCW6GX) - (8GB GDDR6, 256-bit, HDMI+DP, 1x6-pin + 1x8-pin) ",14.990.000 ?,Hanoi Computer,none,https://www.hanoicomputer.vn/vga-galax-rtx-2070-super-ex-gamer-white-8gb-ddr6-7isl6mdw7gm/p48286.html#tab1,https://hanoicomputercdn.com/media/product/48286_vga_galax_rtx_2070_super_ex_gamer_white_8gb_ddr6_1.png
"Card màn hình MSI RTX 2080 Ti LIGHTNING Z (11GB GDDR6, 352-bit, HDMI+DP+Type-C, 3x8-pin)",39.999.000 ?,Hanoi Computer,none,https://www.hanoicomputer.vn/vga-card-msi-rtx-2080ti-lightning-z-11g/p45215.html#tab1,https://hanoicomputercdn.com/media/product/45215_msi_rtx_2080ti_lightning_z___11gb_01.jpg
"Card màn hình ASUS ROG Matrix RTX 2080 Ti P11G GAMING (11GB GDDR6, 352-bit, HDMI+DP+Type-C, 2x8-pin)",49.999.000 ?,Hanoi Computer,none,https://www.hanoicomputer.vn/vga-card-asus-rog-matrix-rtx2080ti-p11g-gaming/p47299.html#tab1,https://hanoicomputercdn.com/media/product/47299_asus_rog_matrix_rtx2080ti__01.jpg
"Card màn hình ZOTAC GTX 1660 Super AMP (6GB GDDR6, 192-bit, HDMI+DP, 1x8-pin)",6.899.000 ?,Hanoi Computer,none,https://www.hanoicomputer.vn/card-man-hinh-zotac-gtx-1660-super-amp-6g-gddr6-192-bit/p50135.html#tab1,https://hanoicomputercdn.com/media/product/50135_zotac_gaming_geforce_gtx_1660_super_amp_1.jpg
"Card màn hình ASUS PH GTX 1650-O4G (4GB GDDR5, 128-bit, DVI+HDMI+DP)",4.389.000 ?,Hanoi Computer,none,https://www.hanoicomputer.vn/card-man-hinh-asus-ph-gtx1650-o4g/p46338.html#tab1,https://hanoicomputercdn.com/media/product/46338_b573e5763837d1698826.jpg
VGA Card nVidia Quadro RTX8000 Passive 48GB GDDR6,219.000.000 ?,Hanoi Computer,none,https://www.hanoicomputer.vn/vga-card-nvidia-quadro-rtx8000-passive-48gb-gddr6/p51343.html#tab1,https://hanoicomputercdn.com/media/product/51343_quadro_rtx8000_passive_001.jpg
"Card màn hình GALAX GTX 1660 Ti (1 Click OC)-6GB (60IRL7DSY91C) - (6GB GDDR6, 192-bit, DVI+HDMI+DP, 1x8-pin) ",7.099.000 ?,Hanoi Computer,none,https://www.hanoicomputer.vn/card-man-hinh-galax-gtx-1660ti-1-click-oc-6g-gddr6-60irl7dsy91c/p45934.html#tab1,https://hanoicomputercdn.com/media/product/45934_galax_gtx_1660ti__1_click_oc___01.jpg
Vga Card Nvidia Quadro RTX 6000 24GB GDDR6 (Gigabyte),131.989.000 ?,Hanoi Computer,none,https://www.hanoicomputer.vn/vga-card-nvidia-quadro-rtx-6000-24gb-gddr6-gigabyte/p48895.html#tab1,https://hanoicomputercdn.com/media/product/48895_rtx_6000_0000_2018122610251263_big.jpg
"Card màn hình GIGABYTE AORUS RTX 2080 Ti XTREME WATERFORCE-11G (11GB GDDR6, 352-bit, HDMI+DP+Type-C, 2x8-pin) ",40.799.000 ?,Hanoi Computer,none,https://www.hanoicomputer.vn/vga-card-gigabyte-aorus-rtx-2080ti-xtreme-waterforce-11g-gv-n208taorusx-w-11gc/p44999.html#tab1,
"Card màn hình ASUS PH GTX 1660 Super-6G GAMING (6GB GDDR6, 192-bit, DVI+HDMI+DP, 1x8-pin)",6.499.000 ?,Hanoi Computer,none,https://www.hanoicomputer.vn/card-man-hinh-asus-ph-gtx-1660-super-6g-gaming/p49620.html#tab1,https://hanoicomputercdn.com/media/product/49620_hnc_ph_gtx1660s_6g.jpg
"Card màn hình INNO3D GeForce GTX 1660 Ti TWIN X2 (6GB GDDR6, 192-bit, HDMI+DP, 1x8-pin)",7.099.000 ?,Hanoi Computer,none,https://www.hanoicomputer.vn/vga-card-inno3d-geforce-gtx-1660ti-twin-x2-6gb-gddr6/p45818.html#tab1,https://hanoicomputercdn.com/media/product/45818_inno3d_geforce_gtx_1660ti_twin_x2___6gb_01.jpg
"Card màn hình ASUS ROG STRIX RTX 2060 Super-8G GAMING (8GB GDDR6, 256-bit, HDMI+DP, 1x6-pin + 1x8-pin)",12.399.000 ?,Hanoi Computer,none,https://www.hanoicomputer.vn/vga-card-asus-rog-strix-rtx-2060s-8g-gaming/p47498.html#tab1,https://hanoicomputercdn.com/media/product/47498_asus_rog_strix_rtx_2060_super_01.jpg
"Card màn hình ZOTAC RTX 2070 Super AMP Extreme (8GB GDDR6, 256-bit, HDMI+DP, 1x8-pin+1x6-pin)",15.999.000 ?,Hanoi Computer,none,https://www.hanoicomputer.vn/card-man-hinh-zotac-rtx-2070-super-amp-extreme-8g-gddr6-256-bit/p50143.html#tab1,https://hanoicomputercdn.com/media/product/50143_zotac_gaming_geforce_rtx_2070_super_amp_extreme_1.jpg
"Card màn hình MSI RTX 2080 Super GAMING X TRIO (8GB GDDR6, 256-bit, HDMI+DP+Type-C, 2x8-pin)",21.499.000 ?,Hanoi Computer,none,https://www.hanoicomputer.vn/vga-card-msi-rtx-2080-super-gaming-x-trio-8g/p49012.html#tab1,https://hanoicomputercdn.com/media/product/49012_vga_card_msi_rtx_2080_super_gaming_x_trio_8g_1.png
"Card màn hình ZOTAC Gaming RTX 2070 Super Air (8GB GDDR6, 256-bit, HDMI+DP, 1x8-pin+1x6-pin)",13.999.000 ?,Hanoi Computer,none,https://www.hanoicomputer.vn/card-man-hinh-zotac-gaming-rtx-2070-super-air-8gb-gddr6-256-bit/p50141.html#tab1,https://hanoicomputercdn.com/media/product/50141_zotac_gaming_geforce_rtx_2070_super_air_1.jpg
"Card màn hình EVGA GeForce RTX 2080 Ti BLACK EDITION GAMING-11GB (11GB GDDR6, 352-bit, HDMI+DP+Type C, 1x6-pin+1x8-pin) ",28.990.000 ?,Hanoi Computer,none,https://www.hanoicomputer.vn/vga-card-evga-geforce-rtx-2080-ti-black-edition-gaming-11gb/p47193.html#tab1,https://hanoicomputercdn.com/media/product/47193_evga_geforce_rtx_2080_ti_black_edition_gaming_01.jpg
"Card màn hình GIGABYTE GTX 1660 Ti GAMING OC-6G (6GB GDDR6, 192-bit, DVI+HDMI+DP, 1x8-pin) ",7.599.000 ?,Hanoi Computer,none,https://www.hanoicomputer.vn/card-man-hinh-gigabyte-gtx-1660-ti-gaming-oc-6gb-n166tgamingoc-6gd/p46474.html#tab1,https://hanoicomputercdn.com/media/product/46474_gigabyte_gtx_1660_ti_gaming_oc_01.jpg
"Card màn hình MSI GTX 1660 VENTUS XS OCV1 (6GB GDDR6, 128-bit, HDMI+DP, 1x8-pin)",5.999.000 ?,Hanoi Computer,none,https://www.hanoicomputer.vn/card-man-hinh-msi-gtx-1660-ventus-xs-6g-ocv1/p50726.html#tab1,https://hanoicomputercdn.com/media/product/50726_msi_gtx_1660_ventus_xs_6g_ocv1_1.jpg
Card màn hình ASUS TURBO RTX 2060 Super - 8G EVO,Liên h?,Hanoi Computer,none,https://www.hanoicomputer.vn/vga-card-asus-turbo-rtx-2060s-8g-evo/p47502.html#tab1,https://hanoicomputercdn.com/media/product/47502_turbo_rtx2060s_8g_evo_01.png
"Card màn hình GALAX RTX 2080 Ti HOF-11GB (28IULBUCV6DH) - (11GB GDDR6, 352-bit, HDMI+DP) ",46.990.000 ?,Hanoi Computer,none,https://www.hanoicomputer.vn/card-man-hinh-galax-rtx-2080-ti-hof-11gb-gddr6-28iulbucv6dh/p45944.html#tab1,https://hanoicomputercdn.com/media/product/45944_gx_2080tihof_01l.png
"Card màn hình ASUS DUAL RTX 2060 Super-O8G EVO V2 (8GB GDDR6, 256-bit,HDMI+DP, 1x8-pin)",12.899.000 ?,Hanoi Computer,none,https://www.hanoicomputer.vn/card-man-hinh-asus-dual-rtx-2060-super-o8g-evo-v2/p51848.html#tab1,https://hanoicomputercdn.com/media/product/51848_asus_dual_rtx_2060_super_01.jpg
"Card màn hình GIGABYTE GTX 1650 Super OC (4GB GDDR6, 128-bit, DVI+HDMI+DP, 1x6-pin)",5.099.000 ?,Hanoi Computer,none,https://www.hanoicomputer.vn/card-man-hinh-gigabyte-gtx-1650-super-oc-4gd/p51814.html#tab1,https://hanoicomputercdn.com/media/product/51814_hnc_gtx_1650_super.png
"Card màn hình ZOTAC RTX 2080 Super (8GB GDDR6, 256-bit, HDMI+DP, 1x8-pin)",20.999.000 ?,Hanoi Computer,none,https://www.hanoicomputer.vn/card-man-hinh-zotac-rtx-2080-super-8gb/p50144.html#tab1,https://hanoicomputercdn.com/media/product/50144_zotac_gaming_geforce_rtx_2080_super_amp.jpg
"Card màn hình ASUS ROG TRIX GTX 1650 Super-A4G GAMING (4GB GDDR5, 128-bit, HDMI+DP, 1x6-pin)",5.399.000 ?,Hanoi Computer,none,https://www.hanoicomputer.vn/card-man-hinh-asus-rog-trix-gtx-1650-super-a4g-gaming/p50106.html#tab1,https://hanoicomputercdn.com/media/product/50106_asus_rog_strix_1650s.png
"Card màn hình INNO3D Geforce RTX 2080 Ti iChill FROSTBITE (11GB GDDR6, 352-bit, HDMI+DP+USB-C, 2x8-pin)",30.999.000 ?,Hanoi Computer,none,https://www.hanoicomputer.vn/vga-card-inno3d-geforce-rtx-2080-ti-ichill-frostbite/p46453.html#tab1,https://hanoicomputercdn.com/media/product/46453_inno3d_geforce_rtx_2080_ti_ichill_frostbite_01.jpg
"Card màn hình ASUS DUAL RTX 2060 Super-A8G EVO (8GB GDDR6, 256-bit, DVI+HDMI+DP, 1x8-pin)",12.099.000 ?,Hanoi Computer,none,https://www.hanoicomputer.vn/vga-card-asus-dual-rtx-2060s-a8g-evo/p47500.html#tab1,https://hanoicomputercdn.com/media/product/47500_dual_rtx2060s_a8g_evo_01.png
"Card màn hình GIGABYTE GTX 1650 Super WINDFORCE OC (4GB GDDR6, 128-bit, DVI+HDMI+DP, 1x6-pin)",5.299.000 ?,Hanoi Computer,none,https://www.hanoicomputer.vn/card-man-hinh-gigabyte-gtx-1650-super-wf2oc-4gd/p51813.html#tab1,https://hanoicomputercdn.com/media/product/51813_hnc_gtx_1650_super.png
"Card màn hình MSI GTX 1660 GAMING X (6GB GDDR6, 192-bit, HDMI+DP, 1x8-pin)",6.899.000 ?,Hanoi Computer,none,https://www.hanoicomputer.vn/vga-card-msi-gtx-1660-gaming-x-6g/p45833.html#tab1,https://hanoicomputercdn.com/media/product/45833_msi_gtx_1660_gaming_x_01.jpg
"Card màn hình ZOTAC RTX 2080 Super AMP Core (8GB GDDR6, 256-bit, HDMI+DP, 2x8-pin)",21.499.000 ?,Hanoi Computer,none,https://www.hanoicomputer.vn/card-man-hinh-zotac-rtx-2080-super-amp-core-8g-gddr6-256-bit/p50145.html#tab1,https://hanoicomputercdn.com/media/product/50145_zotac_rtx_2080_super_amp_core_8g_gddr6_1.jpg
Vga Card Nvidia Quadro RTX 8000 48GB GDDR6 (Gigabyte),168.990.000 ?,Hanoi Computer,none,https://www.hanoicomputer.vn/vga-card-nvidia-quadro-rtx-8000-48gb-gddr6-gigabyte/p48896.html#tab1,https://hanoicomputercdn.com/media/product/48896_nvidia_quadro_rtx_8000.jpg
"Card màn hình ASUS ROG TRIX GTX 1650 Super-O4G GAMING (4GB GDDR5, 128-bit, HDMI+DP, 1x6-pin)",5.599.000 ?,Hanoi Computer,none,https://www.hanoicomputer.vn/card-man-hinh-asus-rog-trix-gtx-1650-super-o4g-gaming/p50105.html#tab1,https://hanoicomputercdn.com/media/product/50105_rog_strix_gtx1650s_o4g_gaming.png
"Card màn hình ASUS Dual RTX 2080 Ti-O11G (11GB GDDR6, 352-bit, HDMI+DP, 2x8-pin)",34.990.000 ?,Hanoi Computer,none,https://www.hanoicomputer.vn/vga-card-asus-dual-rtx-2080ti-o11g/p43883.html#tab1,https://hanoicomputercdn.com/media/product/43883_asus_dual_rtx_2080ti__01.jpg
VGA Card NVIDIA Quadro P1000 4GB (1ME01AA),8.799.000 ?,Hanoi Computer,none,https://www.hanoicomputer.vn/vga-card-nvidia-quadro-p1000-4gb-1me01aa/p50016.html#tab1,https://hanoicomputercdn.com/media/product/50016_hp_quadro_p1000_1me01aa.png
"Card màn hình GALAX RTX 2060 Super EX (1 Click OC) Black (26ISL6MPX2EX) - (8GB GDDR6, 256-bit, DVI+HDMI+DP, 1x6-pin + 1x8-pin) ",10.699.000 ?,Hanoi Computer,none,https://www.hanoicomputer.vn/vga-galax-rtx-2060-super-ex-1-click-oc-black-8gb-ddr6-26isl6mpx2ex/p48284.html#tab1,https://hanoicomputercdn.com/media/product/48284_vga_galax_rtx_2060_super_ex_1_click_oc_black_8gb_ddr6_1.png
"Card màn hình ZOTAC GTX 1660 Ti AMP ED (6GB GDDR6, 192-bit, HDMI+DP, 1x8-pin)",7.299.000 ?,Hanoi Computer,none,https://www.hanoicomputer.vn/card-man-hinh-zotac-gtx-1660-ti-amp-ed-6gb/p50137.html#tab1,https://hanoicomputercdn.com/media/product/50137_zotac_gtx_1660_ti_amp_ed_6gb.jpg
"Card màn hình ASUS PH GTX 1650-4G (4GB GDDR5, 128-bit, DVI+HDMI+DP)",3.999.000 ?,Hanoi Computer,none,https://www.hanoicomputer.vn/card-man-hinh-asus-ph-gtx1650-4g/p46339.html#tab1,https://hanoicomputercdn.com/media/product/46339_asus_ph_gtx1650___4g_01.jpg
"Card màn hình ZOTAC GTX 1660 Ti (6GB GDDR6, 192-bit, HDMI+DP, 1x8-pin)",6.699.000 ?,Hanoi Computer,none,https://www.hanoicomputer.vn/card-man-hinh-zotac-gtx-1660-ti-6gb/p50136.html#tab1,https://hanoicomputercdn.com/media/product/50136_zotac_gaming_geforce_gtx_1660_ti_6gb_gddr6_1.jpg
"Card màn hình MSI RTX 2070 Super GAMING Z TRIO (8GB GDDR6, 256-bit, HDMI+DP, 2x8-pin)",16.799.000 ?,Hanoi Computer,none,https://www.hanoicomputer.vn/card-man-hinh-msi-rtx-2070-super-gaming-z-trio-8g/p52066.html#tab1,https://hanoicomputercdn.com/media/product/52066_msi_rtx_2070_super_gaming_z_trio_8g_01.jpg
"Card màn hình ASUS PH GTX 1650 Super-O4G (4GB GDDR5, 128-bit, DVI+HDMI+DP)",4.899.000 ?,Hanoi Computer,none,https://www.hanoicomputer.vn/card-man-hinh-asus-ph-gtx-1650-super-o4g/p50110.html#tab1,https://hanoicomputercdn.com/media/product/50110_ph_gtx1650s_o4g_1.jpg
"Card màn hình MSI RTX 2060 Super VENTUS OC (8GB GDDR6, 256-bit, HDMI+DP, 1x8-pin)",10.999.000 ?,Hanoi Computer,none,https://www.hanoicomputer.vn/vga-card-msi-rtx-2060-super-ventus-oc-8g/p47693.html#tab1,https://hanoicomputercdn.com/media/product/47693_msi_rtx_2060_super_ventus_oc_01.jpg
"Card màn hình Nvidia Titan V HBM2 (12GB GDDR6, 3072-bit, HDMI+DP, 1x8-pin + 1x6-pin)",109.000.000 ?,Hanoi Computer,none,https://www.hanoicomputer.vn/vga-nvidia-titan-v-12gb-hbm2-3072-bit-5120-cuda-cores-640-tensor-cores-nvidia-volta/p40836.html#tab1,https://hanoicomputercdn.com/media/product/40836_nvidia_titan_v_12gb_hbm2_01.jpg
"Card màn hình EVGA GeForce RTX 2070 Super XC GAMING-8GB (8GB GDDR6, 256-bit, HDMI+DP+Type C) ",15.999.000 ?,Hanoi Computer,none,https://www.hanoicomputer.vn/vga-card-evga-geforce-rtx-2070-super-xc-ultra-gaming-8gb/p48289.html#tab1,https://hanoicomputercdn.com/media/product/48289_evga_geforce_rtx_2070_super_xc_gaming_01.jpg
VGA Card LEADTEK nVidia Quadro GV100 32GB HBM2 ,259.000.000 ?,Hanoi Computer,none,https://www.hanoicomputer.vn/vga-cardnvidia-quadro-gv100-32gb-hbm2/p41883.html#tab1,https://hanoicomputercdn.com/media/product/41883_card_leadtek_nvidia_quadro_gv100_32gb_01.jpg
"Card màn hình EVGA GeForce GTX 1660 Ti SC ULTRA GAMING-6GB (6GB GDDR6, 192-bit, DVI+ HDMI+DP, 1x8-pin) ",7.599.000 ?,Hanoi Computer,none,https://www.hanoicomputer.vn/vga-card-evga-geforce-gtx-1660-ti-sc-ultra-gaming-6gb/p47189.html#tab1,https://hanoicomputercdn.com/media/product/47189_evga_geforce_gtx_1660_ti_sc_ultra_gaming___6gb_01.jpg
Card màn hình ASUS TURBO RTX 2070 Super - 8G EVO,Liên h?,Hanoi Computer,none,https://www.hanoicomputer.vn/vga-card-asus-turbo-rtx-2070s-8g-evo/p47509.html#tab1,https://hanoicomputercdn.com/media/product/47509_vga_card_asus_turbo_rtx_2070s_8g_evo_1.png
"Card màn hình ASUS ROG-STRIX RTX 2060 Super-A8G GAMING (8GB GDDR6, 256-bit, HDMI+DP, 1x6-pin + 1x8-pin)",12.499.000 ?,Hanoi Computer,none,https://www.hanoicomputer.vn/vga-card-asus-rog-strix-rtx-2060s-a8g-gaming/p47497.html#tab1,https://hanoicomputercdn.com/media/product/47497_asus_rog_strix_rtx_2060_super_01.jpg
"Card màn hình PALIT RTX 2060 Super GP OC (8GB GDDR6, 256-bit, HDMI+DP, 1x8-pin)",12.899.000 ?,Hanoi Computer,none,https://www.hanoicomputer.vn/vga-card-palit-rtx-2060-super-gp-oc-8gb/p47580.html#tab1,https://hanoicomputercdn.com/media/product/47580_1.png
"Card màn hình PALIT RTX 2060 Super DUAL (8GB GDDR6, 256-bit, DVI+HDMI+DP, 1x8-pin)",12.499.000 ?,Hanoi Computer,none,https://www.hanoicomputer.vn/vga-card-palit-rtx-2060-super-dual-8gb/p47581.html#tab1,https://hanoicomputercdn.com/media/product/47581_1.png
"Card màn hình GIGABYTE GTX 1660 Ti WF2OC-6G (6GB GDDR6, 192-bit, DVI+HDMI+DP, 1x8-pin) ",7.699.000 ?,Hanoi Computer,none,https://www.hanoicomputer.vn/card-man-hinh-gigabyte-gtx-1660-ti-wf2oc-6gb-n166twf2oc-6gd/p45614.html#tab1,https://hanoicomputercdn.com/media/product/45614_gigabyte_gtx_1660_ti_wf2oc_01.jpg
"Card màn hình GIGABYTE AORUS RTX 2080 Ti XTREME  WATERFORCE WB-11G (11GB GDDR6, 352-bit, HDMI+DP+Type-C, 2x8-pin) ",39.999.000 ?,Hanoi Computer,none,https://www.hanoicomputer.vn/vga-card-gigabyte-aorus-rtx-2080ti-xtreme-waterforce-wb-11g-gv-n208taorusx-wb-11gc/p45000.html#tab1,https://hanoicomputercdn.com/media/product/45000_gigabyte_aorus_rtx_2080ti_xtreme_waterforce_wb__01.jpg
VGA Card NVIDIA Quadro P400 2GB (1ME43AA),2.799.000 ?,Hanoi Computer,none,https://www.hanoicomputer.vn/vga-card-nvidia-quadro-p400-2gb-1me43aa/p50014.html#tab1,https://hanoicomputercdn.com/media/product/50014_hp_quadro_p400__1me43aa_.png
"Card màn hình GALAX RTX 2070 Super EX Gamer (1 Click OC) Black (27ISL6MDW0BG) - (8GB GDDR6, 256-bit, HDMI+DP, 1x6-pin + 1x8-pin) ",14.599.000 ?,Hanoi Computer,none,https://www.hanoicomputer.vn/vga-galax-rtx-2070-super-ex-gamer-black-8gb-ddr6-27isl6mdw0bg/p48285.html#tab1,https://hanoicomputercdn.com/media/product/48285_galax_rtx_2070_super_ex_gamer__1_click_oc__black___8gb_ddr6_01.jpg
"Card màn hình ASUS TUF GTX 1660-6G GAMING (6GB GDDR6, 192-bit, DVI+HDMI+DP, 1x8-pin)",5.599.000 ?,Hanoi Computer,none,https://www.hanoicomputer.vn/vga-card-asus-tuf-gtx1660-6g-gaming/p45830.html#tab1,https://hanoicomputercdn.com/media/product/45830_asus_tuf_gtx1660__01.jpg
"Card màn hình ASUS DUAL RTX 2070 Super-O8G EVO (8GB GDDR6, 256-bit, HDMI+DP, 1x6-pin + 2x8-pin)",14.899.000 ?,Hanoi Computer,none,https://www.hanoicomputer.vn/vga-card-asus-dual-rtx-2070s-o8g-evo/p47506.html#tab1,https://hanoicomputercdn.com/media/product/47506_asus_dual_rtx_2070_super_01.jpg
"Card màn hình PALIT RTX 2070 Super JS (8GB GDDR6, 256-bit, HDMI+DP, 2x8-pin)",16.490.000 ?,Hanoi Computer,none,https://www.hanoicomputer.vn/vga-card-palit-rtx-2070-super-js-8gb/p47582.html#tab1,https://hanoicomputercdn.com/media/product/47582_1.png
VGA Card LEADTEK nvidia NVS 510 2GB DDR3,9.989.000 ?,Hanoi Computer,none,https://www.hanoicomputer.vn/VGA-Card-nvidia-NVS-510-2GB-DDR3/p42527.html#tab1,https://hanoicomputercdn.com/media/product/42527_leadtek_nvidia_nvs_510_2gb_01.jpg
Vga Card Nvidia Quadro P620 2GB GDDR5 (Asus Server Accessory),4.999.000 ?,Hanoi Computer,none,https://www.hanoicomputer.vn/vga-card-nvidia-quadro-p620-2gb-gddr5-asus-server-accessory/p42255.html#tab1,https://hanoicomputercdn.com/media/product/42255_41697_nvidia_quadro_p620_002.jpg
VGA Card NVIDIA Quadro P2000 5GB (1ME41AA),11.889.000 ?,Hanoi Computer,none,https://www.hanoicomputer.vn/vga-card-nvidia-quadro-p2000-5gb-1me41aa/p50017.html#tab1,https://hanoicomputercdn.com/media/product/50017_quadro_p2000__5gb___1me41aa_.jpg
"Card màn hình MSI RTX 2060 VENTUS XS OCV1 (6GB GDDR6, 192-bit, DVI+HDMI+DP, 1x8-pin)",9.499.000 ?,Hanoi Computer,none,https://www.hanoicomputer.vn/vga-card-msi-rtx-2060-ventus-xs-6g-ocv1/p46350.html#tab1,https://hanoicomputercdn.com/media/product/46350_msi_rtx_2060_ventus_xs_6g_ocv1_01.jpg
VGA Card NVIDIA Quadro P4000 8GB (1ME40AA),21.889.000 ?,Hanoi Computer,none,https://www.hanoicomputer.vn/vga-card-nvidia-quadro-p4000-8gb-1me40aa/p50018.html#tab1,https://hanoicomputercdn.com/media/product/50018_quadro_p4000_1me40aa.jpg
"Card màn hình ASUS DUAL RTX 2080 Super-O8G EVO (8GB GDDR6, 256-bit, HDMI+DP, 1x6-pin + 1x8-pin)",20.499.000 ?,Hanoi Computer,none,https://www.hanoicomputer.vn/vga-card-asus-dual-rtx-2080-super-o8g-evo/p47799.html#tab1,https://hanoicomputercdn.com/media/product/47799_asus_dual_rtx_2080_super_01.jpg
Card màn hình ASUS ROG STRIX RTX 2070-8G GAMING,12.999.000 ?,Hanoi Computer,none,https://www.hanoicomputer.vn/card-man-hinh-asus-rog-strix-rtx-2070-8g-gaming/p45645.html#tab1,https://hanoicomputercdn.com/media/product/45645_asus_rog_strix_rtx_2070__01.jpg
"Card màn hình PALIT GTX 1650 DUAL (4GB GDDR6, 128-bit, HDMI+DP)",3.899.000 ?,Hanoi Computer,none,https://www.hanoicomputer.vn/vga-palit-gtx-1650-dual-4gb/p47384.html#tab1,https://hanoicomputercdn.com/media/product/47384_palit_gtx_1650_dual_4gb_01.jpg
"Card màn hình GALAX GTX 1660 (1 Click OC) Black (60SRH7DSY91C) - (6GB GDDR6, 192-bit, DVI+ HDMI+DP, 1x6-pin) ",5.499.000 ?,Hanoi Computer,none,https://www.hanoicomputer.vn/vga-galax-gtx-1660-1-click-oc-black-6gb-ddr5-60srh7dsy91c/p48899.html#tab1,https://hanoicomputercdn.com/media/product/48899_galax_gtx_1660__1_click_oc__black_01.jpg
"Card màn hình MSI GTX 1650 AERO ITX-4G (4GB GDDR5, 128-bit, DVI+HDMI+DP)",4.299.000 ?,Hanoi Computer,none,https://www.hanoicomputer.vn/vga-card-msi-gtx-1650-aero-itx-4g/p46342.html#tab1,https://hanoicomputercdn.com/media/product/46342_msi_gtx_1650_aero_itx_4g_01.jpg
"Card màn hình ASUS ROG STRIX GTX 1650-4G GAMING (4GB GDDR5, 128-bit, HDMI+DP)",4.299.000 ?,Hanoi Computer,none,https://www.hanoicomputer.vn/card-man-hinh-asus-rog-strix-gtx1650-4g-gaming/p46335.html#tab1,https://hanoicomputercdn.com/media/product/46335_asus_rog_strix_gtx1650_01.jpg
"Card màn hình ASUS ROG STRIX RTX 2060 Super-A8G EVO GAMING (8GB GDDR6, 256-bit,HDMI+DP, 1x6-pin + 1x8-pin)",13.999.000 ?,Hanoi Computer,none,https://www.hanoicomputer.vn/card-man-hinh-asus-rog-strix-rtx-2060-super-a8g-evo-gaming/p51846.html#tab1,https://hanoicomputercdn.com/media/product/51846_asus_rog_strix_rtx2060s_a8g_gaming_2.jpg
VGA Card LEADTEK nVidia Quadro RTX 6000 24GB GDDR6,131.989.000 ?,Hanoi Computer,none,https://www.hanoicomputer.vn/vga-card-nvidia-quadro-rtx-6000-24gb-gddr6/p44226.html#tab1,https://hanoicomputercdn.com/media/product/44226_leadtek_nvidia_quadro_rtx_6000_24gb_01.jpg
"Card màn hình MSI RTX 2080 Super GAMING TRIO (8GB GDDR6, 256-bit, HDMI+DP+Tyce-C, 1x8-pin + 1x6-pin)",21.499.000 ?,Hanoi Computer,none,https://www.hanoicomputer.vn/vga-card-msi-rtx-2080-super-gaming-trio-8g/p48131.html#tab1,https://hanoicomputercdn.com/media/product/48131_msi_rtx_2080_super_gaming_trio_8g_01.jpg
VGA Card NVIDIA Quadro P6000 24GB (Z0B12AA),155.899.000 ?,Hanoi Computer,none,https://www.hanoicomputer.vn/vga-card-nvidia-quadro-p6000-24gb-z0b12aa/p50020.html#tab1,https://hanoicomputercdn.com/media/product/50020_hp_quadro_p6000__24gb___z0b12aa_.png
"Card màn hình GIGABYTE RTX 2080 Ti WF3OC-11G (11GB GDDR6, 352-bit, HDMI+DP+Type-C, 2x8-pin) ",35.499.000 ?,Hanoi Computer,none,https://www.hanoicomputer.vn/vga-card-gigabyte-rtx-2080ti-wf3oc-11gd/p43904.html#tab1,https://hanoicomputercdn.com/media/product/43904_vggi403_01.jpg
VGA Card LEADTEK nVidia Quadro RTX 8000 48GB GDDR6,168.990.000 ?,Hanoi Computer,none,https://www.hanoicomputer.vn/vga-card-nvidia-quadro-rtx-8000-48gb-gddr6/p44227.html#tab1,https://hanoicomputercdn.com/media/product/44227_leadtek_nvidia_quadro_rtx_8000_48gb_01.jpg
"Card màn hình PALIT RTX 2060 Super JS (8GB GDDR6, 256-bit, HDMI+DP, 1x8-pin+1x6-pin)",13.499.000 ?,Hanoi Computer,none,https://www.hanoicomputer.vn/vga-card-palit-rtx-2060-super-js-8gb/p47579.html#tab1,https://hanoicomputercdn.com/media/product/47579_1.png
"Card màn hình EVGA GeForce GTX 1650 SC ULTRA GAMING-4GB (4GB GDDR5, 128-bit, HDMI+DP, 1x6-pin) ",4.399.000 ?,Hanoi Computer,none,https://www.hanoicomputer.vn/vga-card-evga-geforce-gtx-1650-sc-ultra-gaming/p47187.html#tab1,https://hanoicomputercdn.com/media/product/47187_evga_geforce_gtx_1650_sc_ultra_gaming_.png
Vga Card ASUS ROG STRIX RTX 2060 - 6G GAMING,9.999.000 ?,Hanoi Computer,none,https://www.hanoicomputer.vn/vga-card-asus-rog-strix-rtx-2060-6g-gaming/p45193.html#tab1,https://hanoicomputercdn.com/media/product/45193_asus_rog_strix_rtx_2060___6g__01.jpg
"Card màn hình ASUS ROG STRIX RTX 2060 Super-8G EVO GAMING (8GB GDDR6, 256-bit,HDMI+DP, 1x6-pin + 1x8-pin)",13.899.000 ?,Hanoi Computer,none,https://www.hanoicomputer.vn/card-man-hinh-asus-rog-strix-rtx-2060-super-8g-evo-gaming/p51847.html#tab1,https://hanoicomputercdn.com/media/product/51847_asus_rog_strix_rtx2060s_a8g_gaming_2.jpg
"Card màn hình ZOTAC RTX 2060 Super Mini (8GB GDDR6, 256-bit, HDMI+DP, 1x8-pin+1x6-pin)",10.999.000 ?,Hanoi Computer,none,https://www.hanoicomputer.vn/card-man-hinh-zotac-rtx-2060-super-mini-8g-gddr6-256-bit/p50139.html#tab1,https://hanoicomputercdn.com/media/product/50139_rtx_2060_super_mini_1.jpg
"Card màn hình GALAX RTX 2070 Super EX (1 Click OC) Black (27ISL6MDU9EX)- (8GB GDDR6, 256-bit, HDMI+DP, 1x6-pin + 1x8-pin) ",13.999.000 ?,Hanoi Computer,none,https://www.hanoicomputer.vn/vga-galax-rtx-2070-super-ex-1-click-oc8gb-ddr6-27isl6mdu9ex/p48897.html#tab1,https://hanoicomputercdn.com/media/product/48897_vga_galax_rtx_2070_super_ex_1_click_oc8gb_1.png
